--Inserciones para la nueva base de datos.

--Tabla Persona.
insert into Persona (idPersona, Nombre, APaterno, AMaterno, FechaNac, Direccion) values (1, 'Meghann', 'Blackler', 'Tevlin', '1947-02-01', '3894 Mitchell Avenue');
insert into Persona (idPersona, Nombre, APaterno, AMaterno, FechaNac, Direccion) values (2, 'Mirabel', 'Madeley', 'Casswell', '1990-12-06', '6069 Mariners Cove Trail');
insert into Persona (idPersona, Nombre, APaterno, AMaterno, FechaNac, Direccion) values (3, 'Jeffie', 'Lafranconi', 'Colleton', '2002-12-21', '8 Lawn Parkway');
insert into Persona (idPersona, Nombre, APaterno, AMaterno, FechaNac, Direccion) values (4, 'Kale', 'Garaghan', 'Lidgett', '1947-12-18', '575 Lakewood Gardens Avenue');
insert into Persona (idPersona, Nombre, APaterno, AMaterno, FechaNac, Direccion) values (5, 'Felicia', 'Martijn', 'Zanetti', '1976-12-02', '744 Northwestern Pass');
insert into Persona (idPersona, Nombre, APaterno, AMaterno, FechaNac, Direccion) values (6, 'Lisbeth', 'Allain', 'Ksandra', '1997-05-07', '9 Sachs Way');
insert into Persona (idPersona, Nombre, APaterno, AMaterno, FechaNac, Direccion) values (7, 'Dorree', 'Waddington', 'Cuttler', '1988-06-08', '756 Sundown Avenue');
insert into Persona (idPersona, Nombre, APaterno, AMaterno, FechaNac, Direccion) values (8, 'Johnna', 'Labrum', 'Elleton', '1997-05-29', '00 Stuart Trail');
insert into Persona (idPersona, Nombre, APaterno, AMaterno, FechaNac, Direccion) values (9, 'Bev', 'Babber', 'Tommis', '1959-09-16', '650 Nobel Parkway');
insert into Persona (idPersona, Nombre, APaterno, AMaterno, FechaNac, Direccion) values (10, 'Roxie', 'Twinborough', 'Isitt', '1966-05-25', '98 Erie Point');
insert into Persona (idPersona, Nombre, APaterno, AMaterno, FechaNac, Direccion) values (11, 'Ferrel', 'Duckit', 'Hugett', '2008-10-10', '935 Beilfuss Park');
insert into Persona (idPersona, Nombre, APaterno, AMaterno, FechaNac, Direccion) values (12, 'Guillema', 'Kemmet', 'Lethby', '1954-02-06', '9 Scoville Plaza');
insert into Persona (idPersona, Nombre, APaterno, AMaterno, FechaNac, Direccion) values (13, 'Vinny', 'Arnow', 'Willshee', '1979-11-22', '08132 8th Plaza');
insert into Persona (idPersona, Nombre, APaterno, AMaterno, FechaNac, Direccion) values (14, 'Brade', 'Kitchingman', 'Boxen', '1999-10-31', '1 Everett Plaza');
insert into Persona (idPersona, Nombre, APaterno, AMaterno, FechaNac, Direccion) values (15, 'Vina', 'Rennels', 'Axelbey', '1965-01-31', '1 Schiller Terrace');
insert into Persona (idPersona, Nombre, APaterno, AMaterno, FechaNac, Direccion) values (16, 'Alisha', 'Golde', 'Antcliff', '1988-04-20', '270 John Wall Court');
insert into Persona (idPersona, Nombre, APaterno, AMaterno, FechaNac, Direccion) values (17, 'Emery', 'Ionesco', 'Dillamore', '1950-05-26', '887 Drewry Way');
insert into Persona (idPersona, Nombre, APaterno, AMaterno, FechaNac, Direccion) values (18, 'Birch', 'Cuncliffe', 'Mitchel', '1985-07-28', '26 Messerschmidt Center');
insert into Persona (idPersona, Nombre, APaterno, AMaterno, FechaNac, Direccion) values (19, 'Filip', 'Staten', 'Saker', '1968-03-10', '5712 Duke Alley');
insert into Persona (idPersona, Nombre, APaterno, AMaterno, FechaNac, Direccion) values (20, 'Rora', 'Kerfut', 'Tampion', '1951-08-20', '22725 Elmside Hill');
insert into Persona (idPersona, Nombre, APaterno, AMaterno, FechaNac, Direccion) values (21, 'Vivia', 'McKeurton', 'Ghilks', '1989-02-20', '73 Corry Plaza');
insert into Persona (idPersona, Nombre, APaterno, AMaterno, FechaNac, Direccion) values (22, 'Bevin', 'Hughlin', 'O''Rudden', '1956-05-13', '01 Mifflin Circle');
insert into Persona (idPersona, Nombre, APaterno, AMaterno, FechaNac, Direccion) values (23, 'Forster', 'Loveridge', 'Kerfut', '1933-10-10', '39622 Old Shore Alley');
insert into Persona (idPersona, Nombre, APaterno, AMaterno, FechaNac, Direccion) values (24, 'Cointon', 'Beaford', 'Brewitt', '1992-09-12', '6675 Miller Street');
insert into Persona (idPersona, Nombre, APaterno, AMaterno, FechaNac, Direccion) values (25, 'Antonin', 'Boeter', 'Sibyllina', '1976-02-03', '7 Barby Road');

--Tabla teléfono
insert into PersonaTelefono (Telefono, idPersona) values ('2412993914', 1);
insert into PersonaTelefono (Telefono, idPersona) values ('3491003732', 2);
insert into PersonaTelefono (Telefono, idPersona) values ('8503573087', 3);
insert into PersonaTelefono (Telefono, idPersona) values ('1289636488', 4);
insert into PersonaTelefono (Telefono, idPersona) values ('3463137670', 5);
insert into PersonaTelefono (Telefono, idPersona) values ('2405617098', 6);
insert into PersonaTelefono (Telefono, idPersona) values ('4562668709', 7);
insert into PersonaTelefono (Telefono, idPersona) values ('9281827805', 8);
insert into PersonaTelefono (Telefono, idPersona) values ('6307078268', 9);
insert into PersonaTelefono (Telefono, idPersona) values ('7195921595', 10);
insert into PersonaTelefono (Telefono, idPersona) values ('6338125695', 11);
insert into PersonaTelefono (Telefono, idPersona) values ('2311855992', 12);
insert into PersonaTelefono (Telefono, idPersona) values ('1966906379', 13);
insert into PersonaTelefono (Telefono, idPersona) values ('6993537523', 14);
insert into PersonaTelefono (Telefono, idPersona) values ('2866104915', 15);
insert into PersonaTelefono (Telefono, idPersona) values ('2184571514', 16);
insert into PersonaTelefono (Telefono, idPersona) values ('1773554914', 17);
insert into PersonaTelefono (Telefono, idPersona) values ('3643847461', 18);
insert into PersonaTelefono (Telefono, idPersona) values ('4392662200', 19);
insert into PersonaTelefono (Telefono, idPersona) values ('4397403045', 20);
insert into PersonaTelefono (Telefono, idPersona) values ('9101984029', 21);
insert into PersonaTelefono (Telefono, idPersona) values ('3402421902', 22);
insert into PersonaTelefono (Telefono, idPersona) values ('2409596261', 23);
insert into PersonaTelefono (Telefono, idPersona) values ('5323371932', 24);
insert into PersonaTelefono (Telefono, idPersona) values ('4583817980', 25);

--Tabla Correo
insert into PersonaCorreo (Correo, idPersona) values ('zblackhall0@posterous.com', 1);
insert into PersonaCorreo (Correo, idPersona) values ('ichrister1@biblegateway.com', 2);
insert into PersonaCorreo (Correo, idPersona) values ('gacaster2@blinklist.com', 3);
insert into PersonaCorreo (Correo, idPersona) values ('ctrencher3@npr.org', 4);
insert into PersonaCorreo (Correo, idPersona) values ('aharrop4@bigcartel.com', 5);
insert into PersonaCorreo (Correo, idPersona) values ('cleyman5@wikimedia.org', 6);
insert into PersonaCorreo (Correo, idPersona) values ('aellerey6@admin.ch', 7);
insert into PersonaCorreo (Correo, idPersona) values ('fbatram7@ebay.com', 8);
insert into PersonaCorreo (Correo, idPersona) values ('alayne8@epa.gov', 9);
insert into PersonaCorreo (Correo, idPersona) values ('rdeniske9@360.cn', 10);
insert into PersonaCorreo (Correo, idPersona) values ('wogleviea@diigo.com', 11);
insert into PersonaCorreo (Correo, idPersona) values ('cgelemanb@tmall.com', 12);
insert into PersonaCorreo (Correo, idPersona) values ('valvyc@home.pl', 13);
insert into PersonaCorreo (Correo, idPersona) values ('alukinsd@booking.com', 14);
insert into PersonaCorreo (Correo, idPersona) values ('malese@baidu.com', 15);
insert into PersonaCorreo (Correo, idPersona) values ('ethomelinf@webmd.com', 16);
insert into PersonaCorreo (Correo, idPersona) values ('astanlockg@addtoany.com', 17);
insert into PersonaCorreo (Correo, idPersona) values ('amarshallsayh@elpais.com', 18);
insert into PersonaCorreo (Correo, idPersona) values ('aricholdi@arizona.edu', 19);
insert into PersonaCorreo (Correo, idPersona) values ('frowesbyj@github.io', 20);
insert into PersonaCorreo (Correo, idPersona) values ('gbeloek@army.mil', 21);
insert into PersonaCorreo (Correo, idPersona) values ('hduckl@usa.gov', 22);
insert into PersonaCorreo (Correo, idPersona) values ('jjanem@nhs.uk', 23);
insert into PersonaCorreo (Correo, idPersona) values ('celbournen@fda.gov', 24);
insert into PersonaCorreo (Correo, idPersona) values ('vheavyo@dmoz.org', 25);

--Tabla Cliente
insert into Cliente (idCliente, idPersona) values (1, 1);
insert into Cliente (idCliente, idPersona) values (2, 2);
insert into Cliente (idCliente, idPersona) values (3, 3);
insert into Cliente (idCliente, idPersona) values (4, 4);
insert into Cliente (idCliente, idPersona) values (5, 5);
insert into Cliente (idCliente, idPersona) values (6, 6);
insert into Cliente (idCliente, idPersona) values (7, 7);
insert into Cliente (idCliente, idPersona) values (8, 8);
insert into Cliente (idCliente, idPersona) values (9, 9);
insert into Cliente (idCliente, idPersona) values (10, 10);
insert into Cliente (idCliente, idPersona) values (11, 11);
insert into Cliente (idCliente, idPersona) values (12, 12);
insert into Cliente (idCliente, idPersona) values (13, 13);
insert into Cliente (idCliente, idPersona) values (14, 14);
insert into Cliente (idCliente, idPersona) values (15, 15);

--Tabla de la tarjeta de puntos.
insert into Tarjeta (idTarjeta, idCliente, puntos) values (1, 1, 72);
insert into Tarjeta (idTarjeta, idCliente, puntos) values (2, 2, 108);
insert into Tarjeta (idTarjeta, idCliente, puntos) values (3, 3, 73);
insert into Tarjeta (idTarjeta, idCliente, puntos) values (4, 4, 192);
insert into Tarjeta (idTarjeta, idCliente, puntos) values (5, 5, 106);
insert into Tarjeta (idTarjeta, idCliente, puntos) values (6, 6, 46);
insert into Tarjeta (idTarjeta, idCliente, puntos) values (7, 7, 127);
insert into Tarjeta (idTarjeta, idCliente, puntos) values (8, 8, 171);
insert into Tarjeta (idTarjeta, idCliente, puntos) values (9, 9, 148);
insert into Tarjeta (idTarjeta, idCliente, puntos) values (10, 10, 116);
insert into Tarjeta (idTarjeta, idCliente, puntos) values (11, 11, 152);
insert into Tarjeta (idTarjeta, idCliente, puntos) values (12, 12, 128);
insert into Tarjeta (idTarjeta, idCliente, puntos) values (13, 13, 87);
insert into Tarjeta (idTarjeta, idCliente, puntos) values (14, 14, 53);
insert into Tarjeta (idTarjeta, idCliente, puntos) values (15, 15, 48);

--Tabla para el conductor.
insert into Conductor (idConductor, idPersona, fechaInicio) values (1, 16, '2019-05-03');
insert into Conductor (idConductor, idPersona, fechaInicio) values (2, 17, '2018-12-06');
insert into Conductor (idConductor, idPersona, fechaInicio) values (3, 18, '2018-12-03');
insert into Conductor (idConductor, idPersona, fechaInicio) values (4, 19, '2019-07-06');
insert into Conductor (idConductor, idPersona, fechaInicio) values (5, 20, '2019-03-15');
insert into Conductor (idConductor, idPersona, fechaInicio) values (6, 21, '2018-11-21');
insert into Conductor (idConductor, idPersona, fechaInicio) values (7, 22, '2018-11-16');
insert into Conductor (idConductor, idPersona, fechaInicio) values (8, 23, '2018-10-02');
insert into Conductor (idConductor, idPersona, fechaInicio) values (9, 24, '2019-08-20');
insert into Conductor (idConductor, idPersona, fechaInicio) values (10, 25, '2019-04-29');

--Tabla para automovil.
insert into Automovil (Placas, Marca, precioFactura, Submarca, Año, Color, numPuertas) values ('4LZ64V','Honda',335927.35,'Element',2007,'Pink',4);
insert into Automovil (Placas, Marca, precioFactura, Submarca, Año, Color, numPuertas) values ('F9PP97','Ford',531917.69,'Explorer Sport Trac',2002,'Maroon',6);
insert into Automovil (Placas, Marca, precioFactura, Submarca, Año, Color, numPuertas) values ('3HKIRO','Ford',435404.58,'Freestar',2006,'Pink',4);
insert into Automovil (Placas, Marca, precioFactura, Submarca, Año, Color, numPuertas) values ('BXQ05P','Land Rover',360891.11,'Defender 90',1994,'Mauv',5);
insert into Automovil (Placas, Marca, precioFactura, Submarca, Año, Color, numPuertas) values ('M5JIOT','Ford',539726.27,'Fiesta',2011,'Fuscia',6);
insert into Automovil (Placas, Marca, precioFactura, Submarca, Año, Color, numPuertas) values ('HP87O4','Pontiac',306556.92,'Bonneville',1965,'Orange',5);
insert into Automovil (Placas, Marca, precioFactura, Submarca, Año, Color, numPuertas) values ('BS9UFT','Ford',420402.26,'Econoline E250',1996,'Blue',4);
insert into Automovil (Placas, Marca, precioFactura, Submarca, Año, Color, numPuertas) values ('VW7MCL','Volkswagen',307004.47,'Cabriolet',1989,'Violet',4);
insert into Automovil (Placas, Marca, precioFactura, Submarca, Año, Color, numPuertas) values ('AEKAWF','Porsche',530061.03,'928',1988,'Orange',6);
insert into Automovil (Placas, Marca, precioFactura, Submarca, Año, Color, numPuertas) values ('GNHS5H','Dodge',400361.5,'Ram Van 1500',2001,'Pink',5);
insert into Automovil (Placas, Marca, precioFactura, Submarca, Año, Color, numPuertas) values ('GWDEL1','Buick',356862.85,'LeSabre',1987,'Yellow',4);
insert into Automovil (Placas, Marca, precioFactura, Submarca, Año, Color, numPuertas) values ('PAYN4Q','Chevrolet',491183.85,'Corsica',1995,'Crimson',6);
insert into Automovil (Placas, Marca, precioFactura, Submarca, Año, Color, numPuertas) values ('VHEKDI','BMW',322148.55,'530',2004,'Teal',4);
insert into Automovil (Placas, Marca, precioFactura, Submarca, Año, Color, numPuertas) values ('2FI80P','Audi',388763.0,'RS 4',2007,'Turquoise',5);
insert into Automovil (Placas, Marca, precioFactura, Submarca, Año, Color, numPuertas) values ('5B6F85','Jeep',588703.76,'Wrangler',2010,'Yellow',6);

--Tabla para la relación manejar.
insert into Manejar (idManejar, placas, idConductor, fechaInic, fechaFin) values (1, 'BS9UFT', 6, '2019-07-24', null);
insert into Manejar (idManejar, placas, idConductor, fechaInic, fechaFin) values (2, 'BXQ05P', 4, '2019-08-19', '2018-09-18');
insert into Manejar (idManejar, placas, idConductor, fechaInic, fechaFin) values (3, 'BS9UFT', 5, '2019-04-01', '2019-03-08');
insert into Manejar (idManejar, placas, idConductor, fechaInic, fechaFin) values (4, 'M5JIOT', 7, '2018-09-16', null);
insert into Manejar (idManejar, placas, idConductor, fechaInic, fechaFin) values (5, 'F9PP97', 3, '2018-12-27', null);
insert into Manejar (idManejar, placas, idConductor, fechaInic, fechaFin) values (6, '2FI80P', 1, '2019-01-12', '2019-03-11');
insert into Manejar (idManejar, placas, idConductor, fechaInic, fechaFin) values (7, 'BS9UFT', 2, '2018-12-23', '2019-03-01');
insert into Manejar (idManejar, placas, idConductor, fechaInic, fechaFin) values (8, 'GWDEL1', 5, '2018-10-17', '2019-09-17');
insert into Manejar (idManejar, placas, idConductor, fechaInic, fechaFin) values (9, 'AEKAWF', 9, '2018-11-01', '2019-09-24');
insert into Manejar (idManejar, placas, idConductor, fechaInic, fechaFin) values (10, 'M5JIOT', 2, '2018-09-06', '2019-01-20');
insert into Manejar (idManejar, placas, idConductor, fechaInic, fechaFin) values (11, 'VHEKDI', 8, '2019-02-18', '2019-08-31');
insert into Manejar (idManejar, placas, idConductor, fechaInic, fechaFin) values (12, 'HP87O4', 8, '2018-10-16', '2019-04-02');
insert into Manejar (idManejar, placas, idConductor, fechaInic, fechaFin) values (13, '2FI80P', 8, '2018-12-26', '2019-02-24');
insert into Manejar (idManejar, placas, idConductor, fechaInic, fechaFin) values (14, 'VW7MCL', 6, '2019-01-02', '2018-09-30');
insert into Manejar (idManejar, placas, idConductor, fechaInic, fechaFin) values (15, 'M5JIOT', 3, '2018-10-30', '2019-05-12');
insert into Manejar (idManejar, placas, idConductor, fechaInic, fechaFin) values (16, 'F9PP97', 7, '2019-05-11', null);
insert into Manejar (idManejar, placas, idConductor, fechaInic, fechaFin) values (17, '2FI80P', 3, '2019-03-29', '2019-04-30');
insert into Manejar (idManejar, placas, idConductor, fechaInic, fechaFin) values (18, '5B6F85', 1, '2018-09-12', '2019-01-17');
insert into Manejar (idManejar, placas, idConductor, fechaInic, fechaFin) values (19, '2FI80P', 1, '2019-04-20', '2019-01-15');
insert into Manejar (idManejar, placas, idConductor, fechaInic, fechaFin) values (20, 'VW7MCL', 9, '2019-08-04', '2018-09-24');	

--Tabla relación viajes
insert into Viaje (idViaje, idCliente, idConductor, origen, destino, Placas, tiempo, costo) values (1, 1, 9, '60075 Melody Road', '35648 Melvin Point', 'M5JIOT', '05 minute', 122);
insert into Viaje (idViaje, idCliente, idConductor, origen, destino, Placas, tiempo, costo) values (2, 10, 1, '54285 Chive Parkway', '990 Harbort Plaza', 'GNHS5H', '76 minute', 215);
insert into Viaje (idViaje, idCliente, idConductor, origen, destino, Placas, tiempo, costo) values (3, 15, 2, '0 Claremont Center', '953 Merrick Trail', '2FI80P', '58 minute', 165);
insert into Viaje (idViaje, idCliente, idConductor, origen, destino, Placas, tiempo, costo) values (4, 4, 1, '875 Mifflin Avenue', '4668 Delaware Pass', '5B6F85', '41 minute', 46);
insert into Viaje (idViaje, idCliente, idConductor, origen, destino, Placas, tiempo, costo) values (5, 14, 1, '994 Eastlawn Way', '01 Southridge Alley', 'BXQ05P', '46 minute', 201);
insert into Viaje (idViaje, idCliente, idConductor, origen, destino, Placas, tiempo, costo) values (6, 4, 3, '5079 Express Place', '632 Ilene Trail', 'GWDEL1', '11 minute', 227);
insert into Viaje (idViaje, idCliente, idConductor, origen, destino, Placas, tiempo, costo) values (7, 1, 1, '095 Old Shore Lane', '85283 Superior Circle', '4LZ64V', '75 minute', 71);
insert into Viaje (idViaje, idCliente, idConductor, origen, destino, Placas, tiempo, costo) values (8, 3, 10, '01433 Sunbrook Center', '1423 Eastwood Lane', 'VW7MCL', '69 minute', 147);
insert into Viaje (idViaje, idCliente, idConductor, origen, destino, Placas, tiempo, costo) values (9, 15, 4, '6 Ridgeway Center', '849 Corry Drive', 'M5JIOT', '87 minute', 74);
insert into Viaje (idViaje, idCliente, idConductor, origen, destino, Placas, tiempo, costo) values (10, 4, 9, '64 Eastwood Alley', '08218 Evergreen Trail', '5B6F85', '38 minute', 115);
insert into Viaje (idViaje, idCliente, idConductor, origen, destino, Placas, tiempo, costo) values (11, 11, 2, '909 Anniversary Road', '2717 Stoughton Point', 'BXQ05P', '07 minute', 56);
insert into Viaje (idViaje, idCliente, idConductor, origen, destino, Placas, tiempo, costo) values (12, 11, 8, '1260 Esker Trail', '31568 Monica Hill', 'GWDEL1', '72 minute', 154);
insert into Viaje (idViaje, idCliente, idConductor, origen, destino, Placas, tiempo, costo) values (13, 9, 9, '25297 Straubel Way', '489 Eliot Lane', 'PAYN4Q', '17 minute', 218);
insert into Viaje (idViaje, idCliente, idConductor, origen, destino, Placas, tiempo, costo) values (14, 4, 8, '017 Starling Drive', '0298 Nevada Way', 'AEKAWF', '93 minute', 65);
insert into Viaje (idViaje, idCliente, idConductor, origen, destino, Placas, tiempo, costo) values (15, 8, 5, '42 Karstens Hill', '244 Village Green Court', 'GWDEL1', '66 minute', 184);
insert into Viaje (idViaje, idCliente, idConductor, origen, destino, Placas, tiempo, costo) values (16, 13, 1, '04 Talisman Lane', '3944 Melrose Trail', 'BS9UFT', '57 minute', 226);
insert into Viaje (idViaje, idCliente, idConductor, origen, destino, Placas, tiempo, costo) values (17, 5, 10, '67 Grayhawk Place', '42128 Clove Parkway', 'GNHS5H', '69 minute', 31);
insert into Viaje (idViaje, idCliente, idConductor, origen, destino, Placas, tiempo, costo) values (18, 2, 3, '54640 Buhler Crossing', '4425 Mitchell Park', 'BXQ05P', '62 minute', 149);
insert into Viaje (idViaje, idCliente, idConductor, origen, destino, Placas, tiempo, costo) values (19, 7, 3, '6 Superior Center', '6700 Butternut Court', '3HKIRO', '11 minute', 140);
insert into Viaje (idViaje, idCliente, idConductor, origen, destino, Placas, tiempo, costo) values (20, 7, 4, '3 Crescent Oaks Center', '8618 Walton Point', '5B6F85', '26 minute', 127);
insert into Viaje (idViaje, idCliente, idConductor, origen, destino, Placas, tiempo, costo) values (21, 8, 2, '243 Shelley Park', '337 Melody Plaza', '5B6F85', '80 minute', 142);
insert into Viaje (idViaje, idCliente, idConductor, origen, destino, Placas, tiempo, costo) values (22, 7, 2, '555 Red Cloud Park', '96800 Cherokee Circle', 'BS9UFT', '71 minute', 81);
insert into Viaje (idViaje, idCliente, idConductor, origen, destino, Placas, tiempo, costo) values (23, 12, 5, '90 Bunting Pass', '7967 Goodland Parkway', 'BXQ05P', '94 minute', 123);
insert into Viaje (idViaje, idCliente, idConductor, origen, destino, Placas, tiempo, costo) values (24, 11, 9, '62 Goodland Street', '252 Loftsgordon Lane', 'M5JIOT', '30 minute', 196);
insert into Viaje (idViaje, idCliente, idConductor, origen, destino, Placas, tiempo, costo) values (25, 5, 7, '0332 Armistice Place', '23 Dawn Center', 'BS9UFT', '33 minute', 53);
insert into Viaje (idViaje, idCliente, idConductor, origen, destino, Placas, tiempo, costo) values (26, 4, 4, '41499 Fuller Point', '6 Red Cloud Court', 'HP87O4', '33 minute', 197);
insert into Viaje (idViaje, idCliente, idConductor, origen, destino, Placas, tiempo, costo) values (27, 6, 4, '40275 Fallview Park', '22 Northport Terrace', 'HP87O4', '75 minute', 239);
insert into Viaje (idViaje, idCliente, idConductor, origen, destino, Placas, tiempo, costo) values (28, 9, 10, '6073 Kipling Street', '0 Daystar Plaza', '4LZ64V', '67 minute', 41);
insert into Viaje (idViaje, idCliente, idConductor, origen, destino, Placas, tiempo, costo) values (29, 6, 2, '56989 Summer Ridge Parkway', '84 Little Fleur Center', 'AEKAWF', '32 minute', 76);
insert into Viaje (idViaje, idCliente, idConductor, origen, destino, Placas, tiempo, costo) values (30, 11, 4, '97 Derek Way', '9282 Waxwing Crossing', 'VHEKDI', '06 minute', 86);
insert into Viaje (idViaje, idCliente, idConductor, origen, destino, Placas, tiempo, costo) values (31, 12, 4, '55 New Castle Road', '92 Fordem Crossing', 'BXQ05P', '99 minute', 175);
insert into Viaje (idViaje, idCliente, idConductor, origen, destino, Placas, tiempo, costo) values (32, 9, 3, '4980 Glendale Circle', '81 Ryan Road', 'BS9UFT', '55 minute', 142);
insert into Viaje (idViaje, idCliente, idConductor, origen, destino, Placas, tiempo, costo) values (33, 3, 3, '29500 Towne Trail', '9 Heath Pass', 'BS9UFT', '92 minute', 243);
insert into Viaje (idViaje, idCliente, idConductor, origen, destino, Placas, tiempo, costo) values (34, 8, 5, '4 Pankratz Avenue', '2224 Swallow Plaza', 'GWDEL1', '89 minute', 147);
insert into Viaje (idViaje, idCliente, idConductor, origen, destino, Placas, tiempo, costo) values (35, 9, 9, '69 Holmberg Road', '48 Summit Hill', '3HKIRO', '44 minute', 164);
insert into Viaje (idViaje, idCliente, idConductor, origen, destino, Placas, tiempo, costo) values (36, 9, 1, '77 Sugar Circle', '9 International Center', 'GWDEL1', '25 minute', 238);
insert into Viaje (idViaje, idCliente, idConductor, origen, destino, Placas, tiempo, costo) values (37, 4, 5, '4822 Fieldstone Plaza', '612 Moose Center', 'M5JIOT', '38 minute', 36);
insert into Viaje (idViaje, idCliente, idConductor, origen, destino, Placas, tiempo, costo) values (38, 7, 6, '0 Lakewood Gardens Street', '750 Crescent Oaks Drive', 'BXQ05P', '46 minute', 224);
insert into Viaje (idViaje, idCliente, idConductor, origen, destino, Placas, tiempo, costo) values (39, 14, 9, '5 Colorado Point', '73 Rutledge Circle', '4LZ64V', '36 minute', 173);
insert into Viaje (idViaje, idCliente, idConductor, origen, destino, Placas, tiempo, costo) values (40, 14, 9, '01 Dayton Drive', '225 Fair Oaks Park', 'GWDEL1', '18 minute', 182);
insert into Viaje (idViaje, idCliente, idConductor, origen, destino, Placas, tiempo, costo) values (41, 4, 5, '7 Brown Alley', '979 Novick Avenue', 'HP87O4', '67 minute', 158);
insert into Viaje (idViaje, idCliente, idConductor, origen, destino, Placas, tiempo, costo) values (42, 4, 4, '64 Oriole Court', '7 Red Cloud Plaza', 'F9PP97', '65 minute', 70);
insert into Viaje (idViaje, idCliente, idConductor, origen, destino, Placas, tiempo, costo) values (43, 2, 7, '036 New Castle Street', '4523 Sage Center', 'M5JIOT', '59 minute', 204);
insert into Viaje (idViaje, idCliente, idConductor, origen, destino, Placas, tiempo, costo) values (44, 12, 2, '5969 Lakeland Drive', '84672 Oxford Lane', '3HKIRO', '18 minute', 93);
insert into Viaje (idViaje, idCliente, idConductor, origen, destino, Placas, tiempo, costo) values (45, 1, 3, '2 Forest Hill', '24 Basil Pass', 'BS9UFT', '59 minute', 131);
insert into Viaje (idViaje, idCliente, idConductor, origen, destino, Placas, tiempo, costo) values (46, 5, 2, '47449 Pepper Wood Terrace', '835 Autumn Leaf Way', 'VHEKDI', '62 minute', 199);
insert into Viaje (idViaje, idCliente, idConductor, origen, destino, Placas, tiempo, costo) values (47, 10, 2, '2788 Lien Crossing', '761 Cody Road', 'F9PP97', '47 minute', 123);
insert into Viaje (idViaje, idCliente, idConductor, origen, destino, Placas, tiempo, costo) values (48, 3, 10, '90558 Farwell Pass', '9 Fulton Lane', 'HP87O4', '00 minute', 196);
insert into Viaje (idViaje, idCliente, idConductor, origen, destino, Placas, tiempo, costo) values (49, 13, 10, '3 Michigan Terrace', '35 Pierstorff Place', '2FI80P', '00 minute', 247);
insert into Viaje (idViaje, idCliente, idConductor, origen, destino, Placas, tiempo, costo) values (50, 6, 8, '04 Lake View Court', '7430 Jenna Circle', 'AEKAWF', '44 minute', 45);
insert into Viaje (idViaje, idCliente, idConductor, origen, destino, Placas, tiempo, costo) values (51, 8, 8, '381 Jackson Pass', '28633 Annamark Crossing', '3HKIRO', '22 minute', 33);
insert into Viaje (idViaje, idCliente, idConductor, origen, destino, Placas, tiempo, costo) values (52, 14, 8, '59 Butternut Drive', '7000 Kinsman Hill', '4LZ64V', '29 minute', 73);
insert into Viaje (idViaje, idCliente, idConductor, origen, destino, Placas, tiempo, costo) values (53, 9, 4, '57046 Westport Crossing', '67 Mcbride Parkway', 'GNHS5H', '90 minute', 189);
insert into Viaje (idViaje, idCliente, idConductor, origen, destino, Placas, tiempo, costo) values (54, 7, 7, '52 Larry Plaza', '37 Lighthouse Bay Parkway', 'VW7MCL', '10 minute', 152);
insert into Viaje (idViaje, idCliente, idConductor, origen, destino, Placas, tiempo, costo) values (55, 3, 9, '3515 Lien Terrace', '41514 Packers Way', 'VW7MCL', '07 minute', 197);
insert into Viaje (idViaje, idCliente, idConductor, origen, destino, Placas, tiempo, costo) values (56, 7, 7, '1718 Pepper Wood Park', '93796 Parkside Point', '2FI80P', '28 minute', 202);
insert into Viaje (idViaje, idCliente, idConductor, origen, destino, Placas, tiempo, costo) values (57, 9, 3, '9597 Donald Street', '561 Golf Course Center', 'AEKAWF', '24 minute', 153);
insert into Viaje (idViaje, idCliente, idConductor, origen, destino, Placas, tiempo, costo) values (58, 12, 4, '469 Miller Way', '184 Leroy Alley', 'GWDEL1', '47 minute', 181);
insert into Viaje (idViaje, idCliente, idConductor, origen, destino, Placas, tiempo, costo) values (59, 12, 9, '60795 Almo Parkway', '632 Scoville Terrace', 'GNHS5H', '70 minute', 47);
insert into Viaje (idViaje, idCliente, idConductor, origen, destino, Placas, tiempo, costo) values (60, 11, 9, '628 Gerald Court', '127 Towne Parkway', 'BS9UFT', '06 minute', 71);

--Tabla para la forma de pago con Tarjeta de Crédito
insert into TarjetaDeCredito (idViaje, monto) values (1, 99);
insert into TarjetaDeCredito (idViaje, monto) values (2, 26);
insert into TarjetaDeCredito (idViaje, monto) values (3, 26);
insert into TarjetaDeCredito (idViaje, monto) values (4, 88);
insert into TarjetaDeCredito (idViaje, monto) values (5, 91);
insert into TarjetaDeCredito (idViaje, monto) values (6, 86);
insert into TarjetaDeCredito (idViaje, monto) values (7, 5);
insert into TarjetaDeCredito (idViaje, monto) values (8, 25);
insert into TarjetaDeCredito (idViaje, monto) values (9, 2);
insert into TarjetaDeCredito (idViaje, monto) values (10, 22);
insert into TarjetaDeCredito (idViaje, monto) values (11, 41);
insert into TarjetaDeCredito (idViaje, monto) values (12, 48);
insert into TarjetaDeCredito (idViaje, monto) values (13, 34);
insert into TarjetaDeCredito (idViaje, monto) values (14, 76);
insert into TarjetaDeCredito (idViaje, monto) values (15, 43);
insert into TarjetaDeCredito (idViaje, monto) values (16, 11);
insert into TarjetaDeCredito (idViaje, monto) values (17, 2);
insert into TarjetaDeCredito (idViaje, monto) values (18, 14);
insert into TarjetaDeCredito (idViaje, monto) values (19, 87);
insert into TarjetaDeCredito (idViaje, monto) values (20, 95);
insert into TarjetaDeCredito (idViaje, monto) values (21, 5);
insert into TarjetaDeCredito (idViaje, monto) values (22, 40);
insert into TarjetaDeCredito (idViaje, monto) values (23, 93);
insert into TarjetaDeCredito (idViaje, monto) values (24, 49);
insert into TarjetaDeCredito (idViaje, monto) values (25, 65);
insert into TarjetaDeCredito (idViaje, monto) values (26, 92);
insert into TarjetaDeCredito (idViaje, monto) values (27, 87);
insert into TarjetaDeCredito (idViaje, monto) values (28, 52);
insert into TarjetaDeCredito (idViaje, monto) values (29, 72);
insert into TarjetaDeCredito (idViaje, monto) values (30, 3);

insert into TarjetaDeDebito (idViaje, monto) values (15, 25);
insert into TarjetaDeDebito (idViaje, monto) values (16, 4);
insert into TarjetaDeDebito (idViaje, monto) values (17, 59);
insert into TarjetaDeDebito (idViaje, monto) values (18, 61);
insert into TarjetaDeDebito (idViaje, monto) values (19, 41);
insert into TarjetaDeDebito (idViaje, monto) values (20, 6);
insert into TarjetaDeDebito (idViaje, monto) values (21, 72);
insert into TarjetaDeDebito (idViaje, monto) values (22, 97);
insert into TarjetaDeDebito (idViaje, monto) values (23, 19);
insert into TarjetaDeDebito (idViaje, monto) values (24, 35);
insert into TarjetaDeDebito (idViaje, monto) values (25, 65);
insert into TarjetaDeDebito (idViaje, monto) values (26, 36);
insert into TarjetaDeDebito (idViaje, monto) values (27, 7);
insert into TarjetaDeDebito (idViaje, monto) values (28, 49);
insert into TarjetaDeDebito (idViaje, monto) values (29, 70);
insert into TarjetaDeDebito (idViaje, monto) values (30, 2);
insert into TarjetaDeDebito (idViaje, monto) values (31, 45);
insert into TarjetaDeDebito (idViaje, monto) values (32, 64);
insert into TarjetaDeDebito (idViaje, monto) values (33, 59);
insert into TarjetaDeDebito (idViaje, monto) values (34, 8);
insert into TarjetaDeDebito (idViaje, monto) values (35, 88);
insert into TarjetaDeDebito (idViaje, monto) values (36, 71);
insert into TarjetaDeDebito (idViaje, monto) values (37, 13);
insert into TarjetaDeDebito (idViaje, monto) values (38, 52);
insert into TarjetaDeDebito (idViaje, monto) values (39, 35);
insert into TarjetaDeDebito (idViaje, monto) values (40, 16);
insert into TarjetaDeDebito (idViaje, monto) values (41, 52);
insert into TarjetaDeDebito (idViaje, monto) values (42, 76);
insert into TarjetaDeDebito (idViaje, monto) values (43, 23);
insert into TarjetaDeDebito (idViaje, monto) values (44, 98);

insert into TarjetaDePuntos (idViaje, monto) values (10, 65);
insert into TarjetaDePuntos (idViaje, monto) values (11, 13);
insert into TarjetaDePuntos (idViaje, monto) values (12, 100);
insert into TarjetaDePuntos (idViaje, monto) values (13, 80);
insert into TarjetaDePuntos (idViaje, monto) values (14, 19);
insert into TarjetaDePuntos (idViaje, monto) values (15, 47);
insert into TarjetaDePuntos (idViaje, monto) values (16, 63);
insert into TarjetaDePuntos (idViaje, monto) values (17, 67);
insert into TarjetaDePuntos (idViaje, monto) values (18, 48);
insert into TarjetaDePuntos (idViaje, monto) values (19, 57);
insert into TarjetaDePuntos (idViaje, monto) values (20, 59);
insert into TarjetaDePuntos (idViaje, monto) values (21, 74);
insert into TarjetaDePuntos (idViaje, monto) values (22, 79);
insert into TarjetaDePuntos (idViaje, monto) values (23, 4);
insert into TarjetaDePuntos (idViaje, monto) values (24, 64);
insert into TarjetaDePuntos (idViaje, monto) values (25, 80);
insert into TarjetaDePuntos (idViaje, monto) values (26, 13);
insert into TarjetaDePuntos (idViaje, monto) values (27, 43);
insert into TarjetaDePuntos (idViaje, monto) values (28, 26);

insert into Efectivo (idViaje, monto) values (30, 48);
insert into Efectivo (idViaje, monto) values (31, 61);
insert into Efectivo (idViaje, monto) values (32, 70);
insert into Efectivo (idViaje, monto) values (33, 35);
insert into Efectivo (idViaje, monto) values (34, 5);
insert into Efectivo (idViaje, monto) values (35, 79);
insert into Efectivo (idViaje, monto) values (36, 67);
insert into Efectivo (idViaje, monto) values (37, 3);
insert into Efectivo (idViaje, monto) values (38, 63);
insert into Efectivo (idViaje, monto) values (39, 55);
insert into Efectivo (idViaje, monto) values (40, 78);
insert into Efectivo (idViaje, monto) values (41, 68);
insert into Efectivo (idViaje, monto) values (42, 75);
insert into Efectivo (idViaje, monto) values (43, 24);
insert into Efectivo (idViaje, monto) values (44, 21);
insert into Efectivo (idViaje, monto) values (45, 64);
insert into Efectivo (idViaje, monto) values (46, 31);
insert into Efectivo (idViaje, monto) values (47, 48);
insert into Efectivo (idViaje, monto) values (48, 51);
insert into Efectivo (idViaje, monto) values (49, 85);
insert into Efectivo (idViaje, monto) values (50, 32);
insert into Efectivo (idViaje, monto) values (51, 13);
insert into Efectivo (idViaje, monto) values (52, 26);
insert into Efectivo (idViaje, monto) values (53, 80);
insert into Efectivo (idViaje, monto) values (54, 98);
insert into Efectivo (idViaje, monto) values (55, 46);
insert into Efectivo (idViaje, monto) values (56, 4);
insert into Efectivo (idViaje, monto) values (57, 82);
insert into Efectivo (idViaje, monto) values (58, 42);
insert into Efectivo (idViaje, monto) values (59, 61);
